출발역 이름,출발역 광역지자체,출발역 기초지자체,출발역 위도,출발역 경도,도착역 이름,도착역 광역지자체,도착역 기초지자체,도착역 위도,도착역 경도,요금(일반실),요금(특실)
경산,경상북도,경산시,35.8193643,128.7276182,광명,경기도,광명시,37.41619623,126.8846812,37800,54800
경산,경상북도,경산시,35.8193643,128.7276182,구포,부산광역시,북구,35.20548095,128.997114,8500,12300
경산,경상북도,경산시,35.8193643,128.7276182,김천구미,경상북도,김천시,36.11282841,128.1820556,8300,12000
경산,경상북도,경산시,35.8193643,128.7276182,대전,대전광역시,동구,36.33229415,127.4346445,18700,27100
경산,경상북도,경산시,35.8193643,128.7276182,동대구,대구광역시,동구,35.87932399,128.6283938,7500,10900
경산,경상북도,경산시,35.8193643,128.7276182,물금,경상남도,양산시,35.30715588,128.9853192,7500,10900
경산,경상북도,경산시,35.8193643,128.7276182,밀양,경상남도,밀양시,35.47452401,128.7711928,7500,10900
경산,경상북도,경산시,35.8193643,128.7276182,부산,부산광역시,동구,35.11520341,129.0415499,10200,14800
경산,경상북도,경산시,35.8193643,128.7276182,서울,서울특별시,용산구,37.55406889,126.9707034,39900,57900
경산,경상북도,경산시,35.8193643,128.7276182,오송,충청북도,청주시 흥덕구,36.62008671,127.3276033,23400,33900
경산,경상북도,경산시,35.8193643,128.7276182,천안아산,충청남도,아산시,36.7943447,127.1044438,27500,39900
경주,경상북도,경주시,35.79837725,129.1389994,광명,경기도,광명시,37.41619623,126.8846812,42200,61200
경주,경상북도,경주시,35.79837725,129.1389994,김천구미,경상북도,김천시,36.11282841,128.1820556,12667,18400
경주,경상북도,경주시,35.79837725,129.1389994,대전,대전광역시,동구,36.33229415,127.4346445,23000,33367
경주,경상북도,경주시,35.79837725,129.1389994,동대구,대구광역시,동구,35.87932399,128.6283938,7500,10900
경주,경상북도,경주시,35.79837725,129.1389994,동탄,경기도,화성시 동탄구,37.19994276,127.0957376,38000,55100
경주,경상북도,경주시,35.79837725,129.1389994,부산,부산광역시,동구,35.11520341,129.0415499,10100,14600
경주,경상북도,경주시,35.79837725,129.1389994,서대구,대구광역시,서구,35.88134695,128.540007,7500,10900
경주,경상북도,경주시,35.79837725,129.1389994,서울,서울특별시,용산구,37.55406889,126.9707034,44300,64200
경주,경상북도,경주시,35.79837725,129.1389994,수서,서울특별시,강남구,37.48549613,127.1043706,42550,61700
경주,경상북도,경주시,35.79837725,129.1389994,오송,충청북도,청주시 흥덕구,36.62008671,127.3276033,27600,40033
경주,경상북도,경주시,35.79837725,129.1389994,울산,울산광역시,울주군,35.55142714,129.1385985,7500,10900
경주,경상북도,경주시,35.79837725,129.1389994,천안아산,충청남도,아산시,36.7943447,127.1044438,31667,45900
경주,경상북도,경주시,35.79837725,129.1389994,평택지제,경기도,평택시,37.01878181,127.0698327,35100,50900
곡성,전라남도,곡성군,35.2836103,127.3036839,공주,충청남도,공주시,36.3324865,127.0968327,15400,22300
곡성,전라남도,곡성군,35.2836103,127.3036839,구례구,전라남도,순천시,35.1634297,127.4525786,7500,10900
곡성,전라남도,곡성군,35.2836103,127.3036839,남원,전라북도,남원시,35.41123171,127.36139,7500,10900
곡성,전라남도,곡성군,35.2836103,127.3036839,동탄,경기도,화성시 동탄구,37.19994276,127.0957376,32200,46700
곡성,전라남도,곡성군,35.2836103,127.3036839,수서,서울특별시,강남구,37.48549613,127.1043706,36700,53200
곡성,전라남도,곡성군,35.2836103,127.3036839,순천,전라남도,순천시,34.9458018,127.5030853,7500,10900
곡성,전라남도,곡성군,35.2836103,127.3036839,여수EXPO,전라남도,여수시,34.75338071,127.7487232,8200,11900
곡성,전라남도,곡성군,35.2836103,127.3036839,여천,전라남도,여수시,34.77913289,127.6641677,7500,10900
곡성,전라남도,곡성군,35.2836103,127.3036839,오송,충청북도,청주시 흥덕구,36.62008671,127.3276033,21600,31300
곡성,전라남도,곡성군,35.2836103,127.3036839,익산,전라북도,익산시,35.94053258,126.9457173,9600,13900
곡성,전라남도,곡성군,35.2836103,127.3036839,전주,전라북도,전주시 덕진구,35.84985312,127.1618034,7500,10900
곡성,전라남도,곡성군,35.2836103,127.3036839,천안아산,충청남도,아산시,36.7943447,127.1044438,25600,37100
곡성,전라남도,곡성군,35.2836103,127.3036839,평택지제,경기도,평택시,37.01878181,127.0698327,29100,42200
공주,충청남도,공주시,36.3324865,127.0968327,곡성,전라남도,곡성군,35.2836103,127.3036839,15400,22300
공주,충청남도,공주시,36.3324865,127.0968327,광주송정,광주광역시,광산구,35.13766751,126.790805,19400,28100
공주,충청남도,공주시,36.3324865,127.0968327,구례구,전라남도,순천시,35.1634297,127.4525786,17200,24900
공주,충청남도,공주시,36.3324865,127.0968327,나주,전라남도,나주시,35.01407834,126.7171749,20900,30300
공주,충청남도,공주시,36.3324865,127.0968327,남원,전라북도,남원시,35.41123171,127.36139,13700,19900
공주,충청남도,공주시,36.3324865,127.0968327,동탄,경기도,화성시 동탄구,37.19994276,127.0957376,17000,24700
공주,충청남도,공주시,36.3324865,127.0968327,목포,전라남도,목포시,34.79113446,126.3865755,25400,36800
공주,충청남도,공주시,36.3324865,127.0968327,수서,서울특별시,강남구,37.48549613,127.1043706,21600,31300
공주,충청남도,공주시,36.3324865,127.0968327,순천,전라남도,순천시,34.9458018,127.5030853,19700,28600
공주,충청남도,공주시,36.3324865,127.0968327,여수EXPO,전라남도,여수시,34.75338071,127.7487232,22800,33100
공주,충청남도,공주시,36.3324865,127.0968327,여천,전라남도,여수시,34.77913289,127.6641677,21900,31800
공주,충청남도,공주시,36.3324865,127.0968327,오송,충청북도,청주시 흥덕구,36.62008671,127.3276033,7500,10900
공주,충청남도,공주시,36.3324865,127.0968327,익산,전라북도,익산시,35.94053258,126.9457173,7500,10900
공주,충청남도,공주시,36.3324865,127.0968327,전주,전라북도,전주시 덕진구,35.84985312,127.1618034,8800,12800
공주,충청남도,공주시,36.3324865,127.0968327,정읍,전라북도,정읍시,35.57550653,126.8422496,12400,18000
공주,충청남도,공주시,36.3324865,127.0968327,천안아산,충청남도,아산시,36.7943447,127.1044438,10400,15100
공주,충청남도,공주시,36.3324865,127.0968327,평택지제,경기도,평택시,37.01878181,127.0698327,14000,20300
광명,경기도,광명시,37.41619623,126.8846812,경산,경상북도,경산시,35.8193643,128.7276182,37800,54800
광명,경기도,광명시,37.41619623,126.8846812,경주,경상북도,경주시,35.79837725,129.1389994,42200,61200
광명,경기도,광명시,37.41619623,126.8846812,구포,부산광역시,북구,35.20548095,128.997114,45500,66000
광명,경기도,광명시,37.41619623,126.8846812,김천구미,경상북도,김천시,36.11282841,128.1820556,29700,43100
광명,경기도,광명시,37.41619623,126.8846812,대전,대전광역시,동구,36.33229415,127.4346445,19400,28100
광명,경기도,광명시,37.41619623,126.8846812,동대구,대구광역시,동구,35.87932399,128.6283938,36800,53400
광명,경기도,광명시,37.41619623,126.8846812,물금,경상남도,양산시,35.30715588,128.9853192,44300,64200
광명,경기도,광명시,37.41619623,126.8846812,밀양,경상남도,밀양시,35.47452401,128.7711928,41600,60300
광명,경기도,광명시,37.41619623,126.8846812,부산,부산광역시,동구,35.11520341,129.0415499,49450,71700
광명,경기도,광명시,37.41619623,126.8846812,서울,서울특별시,용산구,37.55406889,126.9707034,7500,10900
광명,경기도,광명시,37.41619623,126.8846812,오송,충청북도,청주시 흥덕구,36.62008671,127.3276033,14700,21300
광명,경기도,광명시,37.41619623,126.8846812,울산,울산광역시,울주군,35.55142714,129.1385985,46100,66800
광명,경기도,광명시,37.41619623,126.8846812,천안아산,충청남도,아산시,36.7943447,127.1044438,10600,15400
광주송정,광주광역시,광산구,35.13766751,126.790805,공주,충청남도,공주시,36.3324865,127.0968327,19400,28100
광주송정,광주광역시,광산구,35.13766751,126.790805,나주,전라남도,나주시,35.01407834,126.7171749,7500,10900
광주송정,광주광역시,광산구,35.13766751,126.790805,동탄,경기도,화성시 동탄구,37.19994276,127.0957376,36200,52500
광주송정,광주광역시,광산구,35.13766751,126.790805,목포,전라남도,목포시,34.79113446,126.3865755,7500,10900
광주송정,광주광역시,광산구,35.13766751,126.790805,수서,서울특별시,강남구,37.48549613,127.1043706,40700,59000
광주송정,광주광역시,광산구,35.13766751,126.790805,오송,충청북도,청주시 흥덕구,36.62008671,127.3276033,25600,37100
광주송정,광주광역시,광산구,35.13766751,126.790805,익산,전라북도,익산시,35.94053258,126.9457173,13000,18900
광주송정,광주광역시,광산구,35.13766751,126.790805,정읍,전라북도,정읍시,35.57550653,126.8422496,7500,10900
광주송정,광주광역시,광산구,35.13766751,126.790805,천안아산,충청남도,아산시,36.7943447,127.1044438,29800,43200
광주송정,광주광역시,광산구,35.13766751,126.790805,평택지제,경기도,평택시,37.01878181,127.0698327,33300,48300
구례구,전라남도,순천시,35.1634297,127.4525786,곡성,전라남도,곡성군,35.2836103,127.3036839,7500,10900
구례구,전라남도,순천시,35.1634297,127.4525786,공주,충청남도,공주시,36.3324865,127.0968327,17200,24900
구례구,전라남도,순천시,35.1634297,127.4525786,남원,전라북도,남원시,35.41123171,127.36139,7500,10900
구례구,전라남도,순천시,35.1634297,127.4525786,동탄,경기도,화성시 동탄구,37.19994276,127.0957376,34000,49300
구례구,전라남도,순천시,35.1634297,127.4525786,수서,서울특별시,강남구,37.48549613,127.1043706,38400,55700
구례구,전라남도,순천시,35.1634297,127.4525786,순천,전라남도,순천시,34.9458018,127.5030853,7500,10900
구례구,전라남도,순천시,35.1634297,127.4525786,여수EXPO,전라남도,여수시,34.75338071,127.7487232,7500,10900
구례구,전라남도,순천시,35.1634297,127.4525786,여천,전라남도,여수시,34.77913289,127.6641677,7500,10900
구례구,전라남도,순천시,35.1634297,127.4525786,오송,충청북도,청주시 흥덕구,36.62008671,127.3276033,23500,34100
구례구,전라남도,순천시,35.1634297,127.4525786,익산,전라북도,익산시,35.94053258,126.9457173,11600,16800
구례구,전라남도,순천시,35.1634297,127.4525786,전주,전라북도,전주시 덕진구,35.84985312,127.1618034,9100,13200
구례구,전라남도,순천시,35.1634297,127.4525786,천안아산,충청남도,아산시,36.7943447,127.1044438,27400,39700
구례구,전라남도,순천시,35.1634297,127.4525786,평택지제,경기도,평택시,37.01878181,127.0698327,31000,45000
구포,부산광역시,북구,35.20548095,128.997114,경산,경상북도,경산시,35.8193643,128.7276182,8500,12300
구포,부산광역시,북구,35.20548095,128.997114,광명,경기도,광명시,37.41619623,126.8846812,45500,66000
구포,부산광역시,북구,35.20548095,128.997114,김천구미,경상북도,김천시,36.11282841,128.1820556,16200,23500
구포,부산광역시,북구,35.20548095,128.997114,대전,대전광역시,동구,36.33229415,127.4346445,26500,38400
구포,부산광역시,북구,35.20548095,128.997114,동대구,대구광역시,동구,35.87932399,128.6283938,9700,14100
구포,부산광역시,북구,35.20548095,128.997114,물금,경상남도,양산시,35.30715588,128.9853192,7500,10900
구포,부산광역시,북구,35.20548095,128.997114,밀양,경상남도,밀양시,35.47452401,128.7711928,7500,10900
구포,부산광역시,북구,35.20548095,128.997114,부산,부산광역시,동구,35.11520341,129.0415499,7500,10900
구포,부산광역시,북구,35.20548095,128.997114,서울,서울특별시,용산구,37.55406889,126.9707034,47500,68900
구포,부산광역시,북구,35.20548095,128.997114,오송,충청북도,청주시 흥덕구,36.62008671,127.3276033,31000,44900
구포,부산광역시,북구,35.20548095,128.997114,천안아산,충청남도,아산시,36.7943447,127.1044438,35100,50900
김천구미,경상북도,김천시,36.11282841,128.1820556,경산,경상북도,경산시,35.8193643,128.7276182,8300,12000
김천구미,경상북도,김천시,36.11282841,128.1820556,경주,경상북도,경주시,35.79837725,129.1389994,12667,18400
김천구미,경상북도,김천시,36.11282841,128.1820556,광명,경기도,광명시,37.41619623,126.8846812,29700,43100
김천구미,경상북도,김천시,36.11282841,128.1820556,구포,부산광역시,북구,35.20548095,128.997114,16200,23500
김천구미,경상북도,김천시,36.11282841,128.1820556,대전,대전광역시,동구,36.33229415,127.4346445,10400,15100
김천구미,경상북도,김천시,36.11282841,128.1820556,동대구,대구광역시,동구,35.87932399,128.6283938,7500,10900
김천구미,경상북도,김천시,36.11282841,128.1820556,동탄,경기도,화성시 동탄구,37.19994276,127.0957376,25700,37300
김천구미,경상북도,김천시,36.11282841,128.1820556,마산,경상남도,창원시 마산회원구,35.23614083,128.5770291,17100,24800
김천구미,경상북도,김천시,36.11282841,128.1820556,물금,경상남도,양산시,35.30715588,128.9853192,15100,21900
김천구미,경상북도,김천시,36.11282841,128.1820556,밀양,경상남도,밀양시,35.47452401,128.7711928,12200,17700
김천구미,경상북도,김천시,36.11282841,128.1820556,부산,부산광역시,동구,35.11520341,129.0415499,21475,31150
김천구미,경상북도,김천시,36.11282841,128.1820556,서대구,대구광역시,서구,35.88134695,128.540007,7500,10900
김천구미,경상북도,김천시,36.11282841,128.1820556,서울,서울특별시,용산구,37.55406889,126.9707034,31800,46100
김천구미,경상북도,김천시,36.11282841,128.1820556,수서,서울특별시,강남구,37.48549613,127.1043706,30300,43900
김천구미,경상북도,김천시,36.11282841,128.1820556,오송,충청북도,청주시 흥덕구,36.62008671,127.3276033,15100,21900
김천구미,경상북도,김천시,36.11282841,128.1820556,울산,울산광역시,울주군,35.55142714,129.1385985,16600,24067
김천구미,경상북도,김천시,36.11282841,128.1820556,진영,경상남도,김해시,35.29857664,128.7739275,14500,21000
김천구미,경상북도,김천시,36.11282841,128.1820556,진주,경상남도,진주시,35.15071327,128.1179168,21400,31000
김천구미,경상북도,김천시,36.11282841,128.1820556,창원,경상남도,창원시 의창구,35.25745394,128.6066268,16700,24200
김천구미,경상북도,김천시,36.11282841,128.1820556,창원중앙,경상남도,창원시 의창구,35.24235021,128.7013074,15800,22900
김천구미,경상북도,김천시,36.11282841,128.1820556,천안아산,충청남도,아산시,36.7943447,127.1044438,19200,27800
김천구미,경상북도,김천시,36.11282841,128.1820556,평택지제,경기도,평택시,37.01878181,127.0698327,22800,33100
김천구미,경상북도,김천시,36.11282841,128.1820556,포항,경상북도,포항시 북구,36.07160518,129.3419282,17300,25100
나주,전라남도,나주시,35.01407834,126.7171749,공주,충청남도,공주시,36.3324865,127.0968327,20900,30300
나주,전라남도,나주시,35.01407834,126.7171749,광주송정,광주광역시,광산구,35.13766751,126.790805,7500,10900
나주,전라남도,나주시,35.01407834,126.7171749,동탄,경기도,화성시 동탄구,37.19994276,127.0957376,37600,54500
나주,전라남도,나주시,35.01407834,126.7171749,목포,전라남도,목포시,34.79113446,126.3865755,7500,10900
나주,전라남도,나주시,35.01407834,126.7171749,수서,서울특별시,강남구,37.48549613,127.1043706,42100,61000
나주,전라남도,나주시,35.01407834,126.7171749,오송,충청북도,청주시 흥덕구,36.62008671,127.3276033,27100,39300
나주,전라남도,나주시,35.01407834,126.7171749,익산,전라북도,익산시,35.94053258,126.9457173,14400,20900
나주,전라남도,나주시,35.01407834,126.7171749,정읍,전라북도,정읍시,35.57550653,126.8422496,8400,12200
나주,전라남도,나주시,35.01407834,126.7171749,천안아산,충청남도,아산시,36.7943447,127.1044438,31100,45100
나주,전라남도,나주시,35.01407834,126.7171749,평택지제,경기도,평택시,37.01878181,127.0698327,34700,50300
남원,전라북도,남원시,35.41123171,127.36139,곡성,전라남도,곡성군,35.2836103,127.3036839,7500,10900
남원,전라북도,남원시,35.41123171,127.36139,공주,충청남도,공주시,36.3324865,127.0968327,13700,19900
남원,전라북도,남원시,35.41123171,127.36139,구례구,전라남도,순천시,35.1634297,127.4525786,7500,10900
남원,전라북도,남원시,35.41123171,127.36139,동탄,경기도,화성시 동탄구,37.19994276,127.0957376,30500,44200
남원,전라북도,남원시,35.41123171,127.36139,수서,서울특별시,강남구,37.48549613,127.1043706,35200,51000
남원,전라북도,남원시,35.41123171,127.36139,순천,전라남도,순천시,34.9458018,127.5030853,7500,10900
남원,전라북도,남원시,35.41123171,127.36139,여수EXPO,전라남도,여수시,34.75338071,127.7487232,9900,14400
남원,전라북도,남원시,35.41123171,127.36139,여천,전라남도,여수시,34.77913289,127.6641677,9000,13100
남원,전라북도,남원시,35.41123171,127.36139,오송,충청북도,청주시 흥덕구,36.62008671,127.3276033,20000,29000
남원,전라북도,남원시,35.41123171,127.36139,익산,전라북도,익산시,35.94053258,126.9457173,7800,11300
남원,전라북도,남원시,35.41123171,127.36139,전주,전라북도,전주시 덕진구,35.84985312,127.1618034,7500,10900
남원,전라북도,남원시,35.41123171,127.36139,천안아산,충청남도,아산시,36.7943447,127.1044438,24100,34900
남원,전라북도,남원시,35.41123171,127.36139,평택지제,경기도,평택시,37.01878181,127.0698327,27600,40000
대전,대전광역시,동구,36.33229415,127.4346445,경산,경상북도,경산시,35.8193643,128.7276182,18700,27100
대전,대전광역시,동구,36.33229415,127.4346445,경주,경상북도,경주시,35.79837725,129.1389994,23000,33367
대전,대전광역시,동구,36.33229415,127.4346445,광명,경기도,광명시,37.41619623,126.8846812,19400,28100
대전,대전광역시,동구,36.33229415,127.4346445,구포,부산광역시,북구,35.20548095,128.997114,26500,38400
대전,대전광역시,동구,36.33229415,127.4346445,김천구미,경상북도,김천시,36.11282841,128.1820556,10400,15100
대전,대전광역시,동구,36.33229415,127.4346445,동대구,대구광역시,동구,35.87932399,128.6283938,17533,25400
대전,대전광역시,동구,36.33229415,127.4346445,동탄,경기도,화성시 동탄구,37.19994276,127.0957376,15400,22300
대전,대전광역시,동구,36.33229415,127.4346445,마산,경상남도,창원시 마산회원구,35.23614083,128.5770291,27300,39600
대전,대전광역시,동구,36.33229415,127.4346445,물금,경상남도,양산시,35.30715588,128.9853192,25300,36700
대전,대전광역시,동구,36.33229415,127.4346445,밀양,경상남도,밀양시,35.47452401,128.7711928,22700,32900
대전,대전광역시,동구,36.33229415,127.4346445,부산,부산광역시,동구,35.11520341,129.0415499,31625,45900
대전,대전광역시,동구,36.33229415,127.4346445,서대구,대구광역시,서구,35.88134695,128.540007,16600,24100
대전,대전광역시,동구,36.33229415,127.4346445,서울,서울특별시,용산구,37.55406889,126.9707034,21600,31300
대전,대전광역시,동구,36.33229415,127.4346445,수서,서울특별시,강남구,37.48549613,127.1043706,20100,29100
대전,대전광역시,동구,36.33229415,127.4346445,오송,충청북도,청주시 흥덕구,36.62008671,127.3276033,7500,10900
대전,대전광역시,동구,36.33229415,127.4346445,울산,울산광역시,울주군,35.55142714,129.1385985,26967,39100
대전,대전광역시,동구,36.33229415,127.4346445,진영,경상남도,김해시,35.29857664,128.7739275,24900,36100
대전,대전광역시,동구,36.33229415,127.4346445,진주,경상남도,진주시,35.15071327,128.1179168,31800,46100
대전,대전광역시,동구,36.33229415,127.4346445,창원,경상남도,창원시 의창구,35.25745394,128.6066268,26900,39000
대전,대전광역시,동구,36.33229415,127.4346445,창원중앙,경상남도,창원시 의창구,35.24235021,128.7013074,26000,37700
대전,대전광역시,동구,36.33229415,127.4346445,천안아산,충청남도,아산시,36.7943447,127.1044438,8800,12800
대전,대전광역시,동구,36.33229415,127.4346445,평택지제,경기도,평택시,37.01878181,127.0698327,12400,18000
대전,대전광역시,동구,36.33229415,127.4346445,포항,경상북도,포항시 북구,36.07160518,129.3419282,27600,40000
동대구,대구광역시,동구,35.87932399,128.6283938,경산,경상북도,경산시,35.8193643,128.7276182,7500,10900
동대구,대구광역시,동구,35.87932399,128.6283938,경주,경상북도,경주시,35.79837725,129.1389994,7500,10900
동대구,대구광역시,동구,35.87932399,128.6283938,광명,경기도,광명시,37.41619623,126.8846812,36800,53400
동대구,대구광역시,동구,35.87932399,128.6283938,구포,부산광역시,북구,35.20548095,128.997114,9700,14100
동대구,대구광역시,동구,35.87932399,128.6283938,김천구미,경상북도,김천시,36.11282841,128.1820556,7500,10900
동대구,대구광역시,동구,35.87932399,128.6283938,대전,대전광역시,동구,36.33229415,127.4346445,17533,25400
동대구,대구광역시,동구,35.87932399,128.6283938,동탄,경기도,화성시 동탄구,37.19994276,127.0957376,32725,47475
동대구,대구광역시,동구,35.87932399,128.6283938,마산,경상남도,창원시 마산회원구,35.23614083,128.5770291,10700,15500
동대구,대구광역시,동구,35.87932399,128.6283938,물금,경상남도,양산시,35.30715588,128.9853192,8500,12300
동대구,대구광역시,동구,35.87932399,128.6283938,밀양,경상남도,밀양시,35.47452401,128.7711928,7500,10900
동대구,대구광역시,동구,35.87932399,128.6283938,부산,부산광역시,동구,35.11520341,129.0415499,14550,21075
동대구,대구광역시,동구,35.87932399,128.6283938,서대구,대구광역시,서구,35.88134695,128.540007,7500,10900
동대구,대구광역시,동구,35.87932399,128.6283938,서울,서울특별시,용산구,37.55406889,126.9707034,38900,56400
동대구,대구광역시,동구,35.87932399,128.6283938,수서,서울특별시,강남구,37.48549613,127.1043706,37300,54050
동대구,대구광역시,동구,35.87932399,128.6283938,오송,충청북도,청주시 흥덕구,36.62008671,127.3276033,22233,32217
동대구,대구광역시,동구,35.87932399,128.6283938,울산,울산광역시,울주군,35.55142714,129.1385985,9500,13800
동대구,대구광역시,동구,35.87932399,128.6283938,진영,경상남도,김해시,35.29857664,128.7739275,7900,11500
동대구,대구광역시,동구,35.87932399,128.6283938,진주,경상남도,진주시,35.15071327,128.1179168,15500,22500
동대구,대구광역시,동구,35.87932399,128.6283938,창원,경상남도,창원시 의창구,35.25745394,128.6066268,10300,14900
동대구,대구광역시,동구,35.87932399,128.6283938,창원중앙,경상남도,창원시 의창구,35.24235021,128.7013074,9300,13500
동대구,대구광역시,동구,35.87932399,128.6283938,천안아산,충청남도,아산시,36.7943447,127.1044438,26233,38017
동대구,대구광역시,동구,35.87932399,128.6283938,평택지제,경기도,평택시,37.01878181,127.0698327,29725,43100
동대구,대구광역시,동구,35.87932399,128.6283938,포항,경상북도,포항시 북구,36.07160518,129.3419282,10100,14600
동탄,경기도,화성시 동탄구,37.19994276,127.0957376,경주,경상북도,경주시,35.79837725,129.1389994,38000,55100
동탄,경기도,화성시 동탄구,37.19994276,127.0957376,곡성,전라남도,곡성군,35.2836103,127.3036839,32200,46700
동탄,경기도,화성시 동탄구,37.19994276,127.0957376,공주,충청남도,공주시,36.3324865,127.0968327,17000,24700
동탄,경기도,화성시 동탄구,37.19994276,127.0957376,광주송정,광주광역시,광산구,35.13766751,126.790805,36200,52500
동탄,경기도,화성시 동탄구,37.19994276,127.0957376,구례구,전라남도,순천시,35.1634297,127.4525786,34000,49300
동탄,경기도,화성시 동탄구,37.19994276,127.0957376,김천구미,경상북도,김천시,36.11282841,128.1820556,25700,37300
동탄,경기도,화성시 동탄구,37.19994276,127.0957376,나주,전라남도,나주시,35.01407834,126.7171749,37600,54500
동탄,경기도,화성시 동탄구,37.19994276,127.0957376,남원,전라북도,남원시,35.41123171,127.36139,30500,44200
동탄,경기도,화성시 동탄구,37.19994276,127.0957376,대전,대전광역시,동구,36.33229415,127.4346445,15400,22300
동탄,경기도,화성시 동탄구,37.19994276,127.0957376,동대구,대구광역시,동구,35.87932399,128.6283938,32725,47475
동탄,경기도,화성시 동탄구,37.19994276,127.0957376,마산,경상남도,창원시 마산회원구,35.23614083,128.5770291,42300,61300
동탄,경기도,화성시 동탄구,37.19994276,127.0957376,목포,전라남도,목포시,34.79113446,126.3865755,42100,61000
동탄,경기도,화성시 동탄구,37.19994276,127.0957376,밀양,경상남도,밀양시,35.47452401,128.7711928,37600,54500
동탄,경기도,화성시 동탄구,37.19994276,127.0957376,부산,부산광역시,동구,35.11520341,129.0415499,47900,69450
동탄,경기도,화성시 동탄구,37.19994276,127.0957376,서대구,대구광역시,서구,35.88134695,128.540007,31800,46100
동탄,경기도,화성시 동탄구,37.19994276,127.0957376,수서,서울특별시,강남구,37.48549613,127.1043706,7500,10900
동탄,경기도,화성시 동탄구,37.19994276,127.0957376,순천,전라남도,순천시,34.9458018,127.5030853,36300,52600
동탄,경기도,화성시 동탄구,37.19994276,127.0957376,여수EXPO,전라남도,여수시,34.75338071,127.7487232,39500,57300
동탄,경기도,화성시 동탄구,37.19994276,127.0957376,여천,전라남도,여수시,34.77913289,127.6641677,38600,56000
동탄,경기도,화성시 동탄구,37.19994276,127.0957376,오송,충청북도,청주시 흥덕구,36.62008671,127.3276033,10700,15500
동탄,경기도,화성시 동탄구,37.19994276,127.0957376,울산,울산광역시,울주군,35.55142714,129.1385985,41900,60750
동탄,경기도,화성시 동탄구,37.19994276,127.0957376,익산,전라북도,익산시,35.94053258,126.9457173,23500,34100
동탄,경기도,화성시 동탄구,37.19994276,127.0957376,전주,전라북도,전주시 덕진구,35.84985312,127.1618034,25700,37300
동탄,경기도,화성시 동탄구,37.19994276,127.0957376,정읍,전라북도,정읍시,35.57550653,126.8422496,29300,42500
동탄,경기도,화성시 동탄구,37.19994276,127.0957376,진영,경상남도,김해시,35.29857664,128.7739275,39900,57900
동탄,경기도,화성시 동탄구,37.19994276,127.0957376,진주,경상남도,진주시,35.15071327,128.1179168,46700,67700
동탄,경기도,화성시 동탄구,37.19994276,127.0957376,창원,경상남도,창원시 의창구,35.25745394,128.6066268,42000,60900
동탄,경기도,화성시 동탄구,37.19994276,127.0957376,창원중앙,경상남도,창원시 의창구,35.24235021,128.7013074,41200,59700
동탄,경기도,화성시 동탄구,37.19994276,127.0957376,천안아산,충청남도,아산시,36.7943447,127.1044438,7500,10900
동탄,경기도,화성시 동탄구,37.19994276,127.0957376,평택지제,경기도,평택시,37.01878181,127.0698327,7500,10900
동탄,경기도,화성시 동탄구,37.19994276,127.0957376,포항,경상북도,포항시 북구,36.07160518,129.3419282,42600,61800
마산,경상남도,창원시 마산회원구,35.23614083,128.5770291,김천구미,경상북도,김천시,36.11282841,128.1820556,17100,24800
마산,경상남도,창원시 마산회원구,35.23614083,128.5770291,대전,대전광역시,동구,36.33229415,127.4346445,27300,39600
마산,경상남도,창원시 마산회원구,35.23614083,128.5770291,동대구,대구광역시,동구,35.87932399,128.6283938,10700,15500
마산,경상남도,창원시 마산회원구,35.23614083,128.5770291,동탄,경기도,화성시 동탄구,37.19994276,127.0957376,42300,61300
마산,경상남도,창원시 마산회원구,35.23614083,128.5770291,밀양,경상남도,밀양시,35.47452401,128.7711928,7500,10900
마산,경상남도,창원시 마산회원구,35.23614083,128.5770291,수서,서울특별시,강남구,37.48549613,127.1043706,46900,68000
마산,경상남도,창원시 마산회원구,35.23614083,128.5770291,오송,충청북도,청주시 흥덕구,36.62008671,127.3276033,32000,46400
마산,경상남도,창원시 마산회원구,35.23614083,128.5770291,진영,경상남도,김해시,35.29857664,128.7739275,7500,10900
마산,경상남도,창원시 마산회원구,35.23614083,128.5770291,진주,경상남도,진주시,35.15071327,128.1179168,7500,10900
마산,경상남도,창원시 마산회원구,35.23614083,128.5770291,창원,경상남도,창원시 의창구,35.25745394,128.6066268,7500,10900
마산,경상남도,창원시 마산회원구,35.23614083,128.5770291,창원중앙,경상남도,창원시 의창구,35.24235021,128.7013074,7500,10900
마산,경상남도,창원시 마산회원구,35.23614083,128.5770291,천안아산,충청남도,아산시,36.7943447,127.1044438,36000,52200
마산,경상남도,창원시 마산회원구,35.23614083,128.5770291,평택지제,경기도,평택시,37.01878181,127.0698327,39400,57100
목포,전라남도,목포시,34.79113446,126.3865755,공주,충청남도,공주시,36.3324865,127.0968327,25400,36800
목포,전라남도,목포시,34.79113446,126.3865755,광주송정,광주광역시,광산구,35.13766751,126.790805,7500,10900
목포,전라남도,목포시,34.79113446,126.3865755,나주,전라남도,나주시,35.01407834,126.7171749,7500,10900
목포,전라남도,목포시,34.79113446,126.3865755,동탄,경기도,화성시 동탄구,37.19994276,127.0957376,42100,61000
목포,전라남도,목포시,34.79113446,126.3865755,수서,서울특별시,강남구,37.48549613,127.1043706,46500,67400
목포,전라남도,목포시,34.79113446,126.3865755,오송,충청북도,청주시 흥덕구,36.62008671,127.3276033,31600,45800
목포,전라남도,목포시,34.79113446,126.3865755,익산,전라북도,익산시,35.94053258,126.9457173,19100,27700
목포,전라남도,목포시,34.79113446,126.3865755,정읍,전라북도,정읍시,35.57550653,126.8422496,13000,18900
목포,전라남도,목포시,34.79113446,126.3865755,천안아산,충청남도,아산시,36.7943447,127.1044438,35600,51600
목포,전라남도,목포시,34.79113446,126.3865755,평택지제,경기도,평택시,37.01878181,127.0698327,39100,56700
물금,경상남도,양산시,35.30715588,128.9853192,경산,경상북도,경산시,35.8193643,128.7276182,7500,10900
물금,경상남도,양산시,35.30715588,128.9853192,광명,경기도,광명시,37.41619623,126.8846812,44300,64200
물금,경상남도,양산시,35.30715588,128.9853192,구포,부산광역시,북구,35.20548095,128.997114,7500,10900
물금,경상남도,양산시,35.30715588,128.9853192,김천구미,경상북도,김천시,36.11282841,128.1820556,15100,21900
물금,경상남도,양산시,35.30715588,128.9853192,대전,대전광역시,동구,36.33229415,127.4346445,25300,36700
물금,경상남도,양산시,35.30715588,128.9853192,동대구,대구광역시,동구,35.87932399,128.6283938,8500,12300
물금,경상남도,양산시,35.30715588,128.9853192,밀양,경상남도,밀양시,35.47452401,128.7711928,7500,10900
물금,경상남도,양산시,35.30715588,128.9853192,부산,부산광역시,동구,35.11520341,129.0415499,7500,10900
물금,경상남도,양산시,35.30715588,128.9853192,서울,서울특별시,용산구,37.55406889,126.9707034,46400,67300
물금,경상남도,양산시,35.30715588,128.9853192,오송,충청북도,청주시 흥덕구,36.62008671,127.3276033,30000,43500
물금,경상남도,양산시,35.30715588,128.9853192,천안아산,충청남도,아산시,36.7943447,127.1044438,34000,49300
밀양,경상남도,밀양시,35.47452401,128.7711928,경산,경상북도,경산시,35.8193643,128.7276182,7500,10900
밀양,경상남도,밀양시,35.47452401,128.7711928,광명,경기도,광명시,37.41619623,126.8846812,41600,60300
밀양,경상남도,밀양시,35.47452401,128.7711928,구포,부산광역시,북구,35.20548095,128.997114,7500,10900
밀양,경상남도,밀양시,35.47452401,128.7711928,김천구미,경상북도,김천시,36.11282841,128.1820556,12200,17700
밀양,경상남도,밀양시,35.47452401,128.7711928,대전,대전광역시,동구,36.33229415,127.4346445,22700,32900
밀양,경상남도,밀양시,35.47452401,128.7711928,동대구,대구광역시,동구,35.87932399,128.6283938,7500,10900
밀양,경상남도,밀양시,35.47452401,128.7711928,동탄,경기도,화성시 동탄구,37.19994276,127.0957376,37600,54500
밀양,경상남도,밀양시,35.47452401,128.7711928,마산,경상남도,창원시 마산회원구,35.23614083,128.5770291,7500,10900
밀양,경상남도,밀양시,35.47452401,128.7711928,물금,경상남도,양산시,35.30715588,128.9853192,7500,10900
밀양,경상남도,밀양시,35.47452401,128.7711928,부산,부산광역시,동구,35.11520341,129.0415499,7500,10900
밀양,경상남도,밀양시,35.47452401,128.7711928,서울,서울특별시,용산구,37.55406889,126.9707034,43700,63400
밀양,경상남도,밀양시,35.47452401,128.7711928,수서,서울특별시,강남구,37.48549613,127.1043706,42300,61300
밀양,경상남도,밀양시,35.47452401,128.7711928,오송,충청북도,청주시 흥덕구,36.62008671,127.3276033,27200,39400
밀양,경상남도,밀양시,35.47452401,128.7711928,진영,경상남도,김해시,35.29857664,128.7739275,7500,10900
밀양,경상남도,밀양시,35.47452401,128.7711928,진주,경상남도,진주시,35.15071327,128.1179168,10100,14600
밀양,경상남도,밀양시,35.47452401,128.7711928,창원,경상남도,창원시 의창구,35.25745394,128.6066268,7500,10900
밀양,경상남도,밀양시,35.47452401,128.7711928,창원중앙,경상남도,창원시 의창구,35.24235021,128.7013074,7500,10900
밀양,경상남도,밀양시,35.47452401,128.7711928,천안아산,충청남도,아산시,36.7943447,127.1044438,31300,45400
밀양,경상남도,밀양시,35.47452401,128.7711928,평택지제,경기도,평택시,37.01878181,127.0698327,34800,50500
부산,부산광역시,동구,35.11520341,129.0415499,경산,경상북도,경산시,35.8193643,128.7276182,10200,14800
부산,부산광역시,동구,35.11520341,129.0415499,경주,경상북도,경주시,35.79837725,129.1389994,10100,14600
부산,부산광역시,동구,35.11520341,129.0415499,광명,경기도,광명시,37.41619623,126.8846812,49450,71700
부산,부산광역시,동구,35.11520341,129.0415499,구포,부산광역시,북구,35.20548095,128.997114,7500,10900
부산,부산광역시,동구,35.11520341,129.0415499,김천구미,경상북도,김천시,36.11282841,128.1820556,21475,31150
부산,부산광역시,동구,35.11520341,129.0415499,대전,대전광역시,동구,36.33229415,127.4346445,31625,45900
부산,부산광역시,동구,35.11520341,129.0415499,동대구,대구광역시,동구,35.87932399,128.6283938,14550,21075
부산,부산광역시,동구,35.11520341,129.0415499,동탄,경기도,화성시 동탄구,37.19994276,127.0957376,47900,69450
부산,부산광역시,동구,35.11520341,129.0415499,물금,경상남도,양산시,35.30715588,128.9853192,7500,10900
부산,부산광역시,동구,35.11520341,129.0415499,밀양,경상남도,밀양시,35.47452401,128.7711928,7500,10900
부산,부산광역시,동구,35.11520341,129.0415499,서대구,대구광역시,서구,35.88134695,128.540007,16300,23600
부산,부산광역시,동구,35.11520341,129.0415499,서울,서울특별시,용산구,37.55406889,126.9707034,51600,74800
부산,부산광역시,동구,35.11520341,129.0415499,수서,서울특별시,강남구,37.48549613,127.1043706,52400,76000
부산,부산광역시,동구,35.11520341,129.0415499,오송,충청북도,청주시 흥덕구,36.62008671,127.3276033,36325,52700
부산,부산광역시,동구,35.11520341,129.0415499,울산,울산광역시,울주군,35.55142714,129.1385985,7500,10900
부산,부산광역시,동구,35.11520341,129.0415499,천안아산,충청남도,아산시,36.7943447,127.1044438,40250,58350
부산,부산광역시,동구,35.11520341,129.0415499,평택지제,경기도,평택시,37.01878181,127.0698327,44900,65100
서대구,대구광역시,서구,35.88134695,128.540007,경주,경상북도,경주시,35.79837725,129.1389994,7500,10900
서대구,대구광역시,서구,35.88134695,128.540007,김천구미,경상북도,김천시,36.11282841,128.1820556,7500,10900
서대구,대구광역시,서구,35.88134695,128.540007,대전,대전광역시,동구,36.33229415,127.4346445,16600,24100
서대구,대구광역시,서구,35.88134695,128.540007,동대구,대구광역시,동구,35.87932399,128.6283938,7500,10900
서대구,대구광역시,서구,35.88134695,128.540007,동탄,경기도,화성시 동탄구,37.19994276,127.0957376,31800,46100
서대구,대구광역시,서구,35.88134695,128.540007,부산,부산광역시,동구,35.11520341,129.0415499,16300,23600
서대구,대구광역시,서구,35.88134695,128.540007,수서,서울특별시,강남구,37.48549613,127.1043706,36400,52800
서대구,대구광역시,서구,35.88134695,128.540007,오송,충청북도,청주시 흥덕구,36.62008671,127.3276033,21300,30900
서대구,대구광역시,서구,35.88134695,128.540007,울산,울산광역시,울주군,35.55142714,129.1385985,10300,14900
서대구,대구광역시,서구,35.88134695,128.540007,천안아산,충청남도,아산시,36.7943447,127.1044438,25200,36500
서대구,대구광역시,서구,35.88134695,128.540007,평택지제,경기도,평택시,37.01878181,127.0698327,28800,41800
서울,서울특별시,용산구,37.55406889,126.9707034,경산,경상북도,경산시,35.8193643,128.7276182,39900,57900
서울,서울특별시,용산구,37.55406889,126.9707034,경주,경상북도,경주시,35.79837725,129.1389994,44300,64200
서울,서울특별시,용산구,37.55406889,126.9707034,광명,경기도,광명시,37.41619623,126.8846812,7500,10900
서울,서울특별시,용산구,37.55406889,126.9707034,구포,부산광역시,북구,35.20548095,128.997114,47500,68900
서울,서울특별시,용산구,37.55406889,126.9707034,김천구미,경상북도,김천시,36.11282841,128.1820556,31800,46100
서울,서울특별시,용산구,37.55406889,126.9707034,대전,대전광역시,동구,36.33229415,127.4346445,21600,31300
서울,서울특별시,용산구,37.55406889,126.9707034,동대구,대구광역시,동구,35.87932399,128.6283938,38900,56400
서울,서울특별시,용산구,37.55406889,126.9707034,물금,경상남도,양산시,35.30715588,128.9853192,46400,67300
서울,서울특별시,용산구,37.55406889,126.9707034,밀양,경상남도,밀양시,35.47452401,128.7711928,43700,63400
서울,서울특별시,용산구,37.55406889,126.9707034,부산,부산광역시,동구,35.11520341,129.0415499,51600,74800
서울,서울특별시,용산구,37.55406889,126.9707034,오송,충청북도,청주시 흥덕구,36.62008671,127.3276033,16900,24500
서울,서울특별시,용산구,37.55406889,126.9707034,울산,울산광역시,울주군,35.55142714,129.1385985,48200,69900
서울,서울특별시,용산구,37.55406889,126.9707034,천안아산,충청남도,아산시,36.7943447,127.1044438,12800,18600
수서,서울특별시,강남구,37.48549613,127.1043706,경주,경상북도,경주시,35.79837725,129.1389994,42550,61700
수서,서울특별시,강남구,37.48549613,127.1043706,곡성,전라남도,곡성군,35.2836103,127.3036839,36700,53200
수서,서울특별시,강남구,37.48549613,127.1043706,공주,충청남도,공주시,36.3324865,127.0968327,21600,31300
수서,서울특별시,강남구,37.48549613,127.1043706,광주송정,광주광역시,광산구,35.13766751,126.790805,40700,59000
수서,서울특별시,강남구,37.48549613,127.1043706,구례구,전라남도,순천시,35.1634297,127.4525786,38400,55700
수서,서울특별시,강남구,37.48549613,127.1043706,김천구미,경상북도,김천시,36.11282841,128.1820556,30300,43900
수서,서울특별시,강남구,37.48549613,127.1043706,나주,전라남도,나주시,35.01407834,126.7171749,42100,61000
수서,서울특별시,강남구,37.48549613,127.1043706,남원,전라북도,남원시,35.41123171,127.36139,35200,51000
수서,서울특별시,강남구,37.48549613,127.1043706,대전,대전광역시,동구,36.33229415,127.4346445,20100,29100
수서,서울특별시,강남구,37.48549613,127.1043706,동대구,대구광역시,동구,35.87932399,128.6283938,37300,54050
수서,서울특별시,강남구,37.48549613,127.1043706,동탄,경기도,화성시 동탄구,37.19994276,127.0957376,7500,10900
수서,서울특별시,강남구,37.48549613,127.1043706,마산,경상남도,창원시 마산회원구,35.23614083,128.5770291,46900,68000
수서,서울특별시,강남구,37.48549613,127.1043706,목포,전라남도,목포시,34.79113446,126.3865755,46500,67400
수서,서울특별시,강남구,37.48549613,127.1043706,밀양,경상남도,밀양시,35.47452401,128.7711928,42300,61300
수서,서울특별시,강남구,37.48549613,127.1043706,부산,부산광역시,동구,35.11520341,129.0415499,52400,76000
수서,서울특별시,강남구,37.48549613,127.1043706,서대구,대구광역시,서구,35.88134695,128.540007,36400,52800
수서,서울특별시,강남구,37.48549613,127.1043706,순천,전라남도,순천시,34.9458018,127.5030853,41000,59500
수서,서울특별시,강남구,37.48549613,127.1043706,여수EXPO,전라남도,여수시,34.75338071,127.7487232,43800,63500
수서,서울특별시,강남구,37.48549613,127.1043706,여천,전라남도,여수시,34.77913289,127.6641677,43100,62500
수서,서울특별시,강남구,37.48549613,127.1043706,오송,충청북도,청주시 흥덕구,36.62008671,127.3276033,15400,22300
수서,서울특별시,강남구,37.48549613,127.1043706,울산,울산광역시,울주군,35.55142714,129.1385985,46600,67600
수서,서울특별시,강남구,37.48549613,127.1043706,익산,전라북도,익산시,35.94053258,126.9457173,28000,40600
수서,서울특별시,강남구,37.48549613,127.1043706,전주,전라북도,전주시 덕진구,35.84985312,127.1618034,30300,43900
수서,서울특별시,강남구,37.48549613,127.1043706,정읍,전라북도,정읍시,35.57550653,126.8422496,33900,49200
수서,서울특별시,강남구,37.48549613,127.1043706,진영,경상남도,김해시,35.29857664,128.7739275,44400,64400
수서,서울특별시,강남구,37.48549613,127.1043706,진주,경상남도,진주시,35.15071327,128.1179168,51100,74100
수서,서울특별시,강남구,37.48549613,127.1043706,창원,경상남도,창원시 의창구,35.25745394,128.6066268,46500,67400
수서,서울특별시,강남구,37.48549613,127.1043706,창원중앙,경상남도,창원시 의창구,35.24235021,128.7013074,45600,66100
수서,서울특별시,강남구,37.48549613,127.1043706,천안아산,충청남도,아산시,36.7943447,127.1044438,11300,16400
수서,서울특별시,강남구,37.48549613,127.1043706,평택지제,경기도,평택시,37.01878181,127.0698327,7700,11200
수서,서울특별시,강남구,37.48549613,127.1043706,포항,경상북도,포항시 북구,36.07160518,129.3419282,47200,68400
순천,전라남도,순천시,34.9458018,127.5030853,곡성,전라남도,곡성군,35.2836103,127.3036839,7500,10900
순천,전라남도,순천시,34.9458018,127.5030853,공주,충청남도,공주시,36.3324865,127.0968327,19700,28600
순천,전라남도,순천시,34.9458018,127.5030853,구례구,전라남도,순천시,35.1634297,127.4525786,7500,10900
순천,전라남도,순천시,34.9458018,127.5030853,남원,전라북도,남원시,35.41123171,127.36139,7500,10900
순천,전라남도,순천시,34.9458018,127.5030853,동탄,경기도,화성시 동탄구,37.19994276,127.0957376,36300,52600
순천,전라남도,순천시,34.9458018,127.5030853,수서,서울특별시,강남구,37.48549613,127.1043706,41000,59500
순천,전라남도,순천시,34.9458018,127.5030853,여수EXPO,전라남도,여수시,34.75338071,127.7487232,7500,10900
순천,전라남도,순천시,34.9458018,127.5030853,여천,전라남도,여수시,34.77913289,127.6641677,7500,10900
순천,전라남도,순천시,34.9458018,127.5030853,오송,충청북도,청주시 흥덕구,36.62008671,127.3276033,25800,37400
순천,전라남도,순천시,34.9458018,127.5030853,익산,전라북도,익산시,35.94053258,126.9457173,14300,20700
순천,전라남도,순천시,34.9458018,127.5030853,전주,전라북도,전주시 덕진구,35.84985312,127.1618034,11800,17100
순천,전라남도,순천시,34.9458018,127.5030853,천안아산,충청남도,아산시,36.7943447,127.1044438,29900,43400
순천,전라남도,순천시,34.9458018,127.5030853,평택지제,경기도,평택시,37.01878181,127.0698327,33500,48600
여수EXPO,전라남도,여수시,34.75338071,127.7487232,곡성,전라남도,곡성군,35.2836103,127.3036839,8200,11900
여수EXPO,전라남도,여수시,34.75338071,127.7487232,공주,충청남도,공주시,36.3324865,127.0968327,22800,33100
여수EXPO,전라남도,여수시,34.75338071,127.7487232,구례구,전라남도,순천시,35.1634297,127.4525786,7500,10900
여수EXPO,전라남도,여수시,34.75338071,127.7487232,남원,전라북도,남원시,35.41123171,127.36139,9900,14400
여수EXPO,전라남도,여수시,34.75338071,127.7487232,동탄,경기도,화성시 동탄구,37.19994276,127.0957376,39500,57300
여수EXPO,전라남도,여수시,34.75338071,127.7487232,수서,서울특별시,강남구,37.48549613,127.1043706,43800,63500
여수EXPO,전라남도,여수시,34.75338071,127.7487232,순천,전라남도,순천시,34.9458018,127.5030853,7500,10900
여수EXPO,전라남도,여수시,34.75338071,127.7487232,여천,전라남도,여수시,34.77913289,127.6641677,7500,10900
여수EXPO,전라남도,여수시,34.75338071,127.7487232,오송,충청북도,청주시 흥덕구,36.62008671,127.3276033,29000,42100
여수EXPO,전라남도,여수시,34.75338071,127.7487232,익산,전라북도,익산시,35.94053258,126.9457173,17700,25700
여수EXPO,전라남도,여수시,34.75338071,127.7487232,전주,전라북도,전주시 덕진구,35.84985312,127.1618034,15300,22200
여수EXPO,전라남도,여수시,34.75338071,127.7487232,천안아산,충청남도,아산시,36.7943447,127.1044438,32900,47700
여수EXPO,전라남도,여수시,34.75338071,127.7487232,평택지제,경기도,평택시,37.01878181,127.0698327,36500,52900
여천,전라남도,여수시,34.77913289,127.6641677,곡성,전라남도,곡성군,35.2836103,127.3036839,7500,10900
여천,전라남도,여수시,34.77913289,127.6641677,공주,충청남도,공주시,36.3324865,127.0968327,21900,31800
여천,전라남도,여수시,34.77913289,127.6641677,구례구,전라남도,순천시,35.1634297,127.4525786,7500,10900
여천,전라남도,여수시,34.77913289,127.6641677,남원,전라북도,남원시,35.41123171,127.36139,9000,13100
여천,전라남도,여수시,34.77913289,127.6641677,동탄,경기도,화성시 동탄구,37.19994276,127.0957376,38600,56000
여천,전라남도,여수시,34.77913289,127.6641677,수서,서울특별시,강남구,37.48549613,127.1043706,43100,62500
여천,전라남도,여수시,34.77913289,127.6641677,순천,전라남도,순천시,34.9458018,127.5030853,7500,10900
여천,전라남도,여수시,34.77913289,127.6641677,여수EXPO,전라남도,여수시,34.75338071,127.7487232,7500,10900
여천,전라남도,여수시,34.77913289,127.6641677,오송,충청북도,청주시 흥덕구,36.62008671,127.3276033,28100,40700
여천,전라남도,여수시,34.77913289,127.6641677,익산,전라북도,익산시,35.94053258,126.9457173,16800,24400
여천,전라남도,여수시,34.77913289,127.6641677,전주,전라북도,전주시 덕진구,35.84985312,127.1618034,14300,20700
여천,전라남도,여수시,34.77913289,127.6641677,천안아산,충청남도,아산시,36.7943447,127.1044438,32200,46700
여천,전라남도,여수시,34.77913289,127.6641677,평택지제,경기도,평택시,37.01878181,127.0698327,35700,51800
오송,충청북도,청주시 흥덕구,36.62008671,127.3276033,경산,경상북도,경산시,35.8193643,128.7276182,23400,33900
오송,충청북도,청주시 흥덕구,36.62008671,127.3276033,경주,경상북도,경주시,35.79837725,129.1389994,27600,40033
오송,충청북도,청주시 흥덕구,36.62008671,127.3276033,곡성,전라남도,곡성군,35.2836103,127.3036839,21600,31300
오송,충청북도,청주시 흥덕구,36.62008671,127.3276033,공주,충청남도,공주시,36.3324865,127.0968327,7500,10900
오송,충청북도,청주시 흥덕구,36.62008671,127.3276033,광명,경기도,광명시,37.41619623,126.8846812,14700,21300
오송,충청북도,청주시 흥덕구,36.62008671,127.3276033,광주송정,광주광역시,광산구,35.13766751,126.790805,25600,37100
오송,충청북도,청주시 흥덕구,36.62008671,127.3276033,구례구,전라남도,순천시,35.1634297,127.4525786,23500,34100
오송,충청북도,청주시 흥덕구,36.62008671,127.3276033,구포,부산광역시,북구,35.20548095,128.997114,31000,44900
오송,충청북도,청주시 흥덕구,36.62008671,127.3276033,김천구미,경상북도,김천시,36.11282841,128.1820556,15100,21900
오송,충청북도,청주시 흥덕구,36.62008671,127.3276033,나주,전라남도,나주시,35.01407834,126.7171749,27100,39300
오송,충청북도,청주시 흥덕구,36.62008671,127.3276033,남원,전라북도,남원시,35.41123171,127.36139,20000,29000
오송,충청북도,청주시 흥덕구,36.62008671,127.3276033,대전,대전광역시,동구,36.33229415,127.4346445,7500,10900
오송,충청북도,청주시 흥덕구,36.62008671,127.3276033,동대구,대구광역시,동구,35.87932399,128.6283938,22233,32217
오송,충청북도,청주시 흥덕구,36.62008671,127.3276033,동탄,경기도,화성시 동탄구,37.19994276,127.0957376,10700,15500
오송,충청북도,청주시 흥덕구,36.62008671,127.3276033,마산,경상남도,창원시 마산회원구,35.23614083,128.5770291,32000,46400
오송,충청북도,청주시 흥덕구,36.62008671,127.3276033,목포,전라남도,목포시,34.79113446,126.3865755,31600,45800
오송,충청북도,청주시 흥덕구,36.62008671,127.3276033,물금,경상남도,양산시,35.30715588,128.9853192,30000,43500
오송,충청북도,청주시 흥덕구,36.62008671,127.3276033,밀양,경상남도,밀양시,35.47452401,128.7711928,27200,39400
오송,충청북도,청주시 흥덕구,36.62008671,127.3276033,부산,부산광역시,동구,35.11520341,129.0415499,36325,52700
오송,충청북도,청주시 흥덕구,36.62008671,127.3276033,서대구,대구광역시,서구,35.88134695,128.540007,21300,30900
오송,충청북도,청주시 흥덕구,36.62008671,127.3276033,서울,서울특별시,용산구,37.55406889,126.9707034,16900,24500
오송,충청북도,청주시 흥덕구,36.62008671,127.3276033,수서,서울특별시,강남구,37.48549613,127.1043706,15400,22300
오송,충청북도,청주시 흥덕구,36.62008671,127.3276033,순천,전라남도,순천시,34.9458018,127.5030853,25800,37400
오송,충청북도,청주시 흥덕구,36.62008671,127.3276033,여수EXPO,전라남도,여수시,34.75338071,127.7487232,29000,42100
오송,충청북도,청주시 흥덕구,36.62008671,127.3276033,여천,전라남도,여수시,34.77913289,127.6641677,28100,40700
오송,충청북도,청주시 흥덕구,36.62008671,127.3276033,울산,울산광역시,울주군,35.55142714,129.1385985,31567,45800
오송,충청북도,청주시 흥덕구,36.62008671,127.3276033,익산,전라북도,익산시,35.94053258,126.9457173,12800,18600
오송,충청북도,청주시 흥덕구,36.62008671,127.3276033,전주,전라북도,전주시 덕진구,35.84985312,127.1618034,15100,21900
오송,충청북도,청주시 흥덕구,36.62008671,127.3276033,정읍,전라북도,정읍시,35.57550653,126.8422496,18700,27100
오송,충청북도,청주시 흥덕구,36.62008671,127.3276033,진영,경상남도,김해시,35.29857664,128.7739275,29400,42600
오송,충청북도,청주시 흥덕구,36.62008671,127.3276033,진주,경상남도,진주시,35.15071327,128.1179168,36300,52600
오송,충청북도,청주시 흥덕구,36.62008671,127.3276033,창원,경상남도,창원시 의창구,35.25745394,128.6066268,31600,45800
오송,충청북도,청주시 흥덕구,36.62008671,127.3276033,창원중앙,경상남도,창원시 의창구,35.24235021,128.7013074,30700,44500
오송,충청북도,청주시 흥덕구,36.62008671,127.3276033,천안아산,충청남도,아산시,36.7943447,127.1044438,7500,10900
오송,충청북도,청주시 흥덕구,36.62008671,127.3276033,평택지제,경기도,평택시,37.01878181,127.0698327,7700,11200
오송,충청북도,청주시 흥덕구,36.62008671,127.3276033,포항,경상북도,포항시 북구,36.07160518,129.3419282,32200,46700
울산,울산광역시,울주군,35.55142714,129.1385985,경주,경상북도,경주시,35.79837725,129.1389994,7500,10900
울산,울산광역시,울주군,35.55142714,129.1385985,광명,경기도,광명시,37.41619623,126.8846812,46100,66800
울산,울산광역시,울주군,35.55142714,129.1385985,김천구미,경상북도,김천시,36.11282841,128.1820556,16600,24067
울산,울산광역시,울주군,35.55142714,129.1385985,대전,대전광역시,동구,36.33229415,127.4346445,26967,39100
울산,울산광역시,울주군,35.55142714,129.1385985,동대구,대구광역시,동구,35.87932399,128.6283938,9500,13800
울산,울산광역시,울주군,35.55142714,129.1385985,동탄,경기도,화성시 동탄구,37.19994276,127.0957376,41900,60750
울산,울산광역시,울주군,35.55142714,129.1385985,부산,부산광역시,동구,35.11520341,129.0415499,7500,10900
울산,울산광역시,울주군,35.55142714,129.1385985,서대구,대구광역시,서구,35.88134695,128.540007,10300,14900
울산,울산광역시,울주군,35.55142714,129.1385985,서울,서울특별시,용산구,37.55406889,126.9707034,48200,69900
울산,울산광역시,울주군,35.55142714,129.1385985,수서,서울특별시,강남구,37.48549613,127.1043706,46600,67600
울산,울산광역시,울주군,35.55142714,129.1385985,오송,충청북도,청주시 흥덕구,36.62008671,127.3276033,31567,45800
울산,울산광역시,울주군,35.55142714,129.1385985,천안아산,충청남도,아산시,36.7943447,127.1044438,35600,51633
울산,울산광역시,울주군,35.55142714,129.1385985,평택지제,경기도,평택시,37.01878181,127.0698327,39000,56550
익산,전라북도,익산시,35.94053258,126.9457173,곡성,전라남도,곡성군,35.2836103,127.3036839,9600,13900
익산,전라북도,익산시,35.94053258,126.9457173,공주,충청남도,공주시,36.3324865,127.0968327,7500,10900
익산,전라북도,익산시,35.94053258,126.9457173,광주송정,광주광역시,광산구,35.13766751,126.790805,13000,18900
익산,전라북도,익산시,35.94053258,126.9457173,구례구,전라남도,순천시,35.1634297,127.4525786,11600,16800
익산,전라북도,익산시,35.94053258,126.9457173,나주,전라남도,나주시,35.01407834,126.7171749,14400,20900
익산,전라북도,익산시,35.94053258,126.9457173,남원,전라북도,남원시,35.41123171,127.36139,7800,11300
익산,전라북도,익산시,35.94053258,126.9457173,동탄,경기도,화성시 동탄구,37.19994276,127.0957376,23500,34100
익산,전라북도,익산시,35.94053258,126.9457173,목포,전라남도,목포시,34.79113446,126.3865755,19100,27700
익산,전라북도,익산시,35.94053258,126.9457173,수서,서울특별시,강남구,37.48549613,127.1043706,28000,40600
익산,전라북도,익산시,35.94053258,126.9457173,순천,전라남도,순천시,34.9458018,127.5030853,14300,20700
익산,전라북도,익산시,35.94053258,126.9457173,여수EXPO,전라남도,여수시,34.75338071,127.7487232,17700,25700
익산,전라북도,익산시,35.94053258,126.9457173,여천,전라남도,여수시,34.77913289,127.6641677,16800,24400
익산,전라북도,익산시,35.94053258,126.9457173,오송,충청북도,청주시 흥덕구,36.62008671,127.3276033,12800,18600
익산,전라북도,익산시,35.94053258,126.9457173,전주,전라북도,전주시 덕진구,35.84985312,127.1618034,7500,10900
익산,전라북도,익산시,35.94053258,126.9457173,정읍,전라북도,정읍시,35.57550653,126.8422496,7500,10900
익산,전라북도,익산시,35.94053258,126.9457173,천안아산,충청남도,아산시,36.7943447,127.1044438,16900,24500
익산,전라북도,익산시,35.94053258,126.9457173,평택지제,경기도,평택시,37.01878181,127.0698327,20400,29600
전주,전라북도,전주시 덕진구,35.84985312,127.1618034,곡성,전라남도,곡성군,35.2836103,127.3036839,7500,10900
전주,전라북도,전주시 덕진구,35.84985312,127.1618034,공주,충청남도,공주시,36.3324865,127.0968327,8800,12800
전주,전라북도,전주시 덕진구,35.84985312,127.1618034,구례구,전라남도,순천시,35.1634297,127.4525786,9100,13200
전주,전라북도,전주시 덕진구,35.84985312,127.1618034,남원,전라북도,남원시,35.41123171,127.36139,7500,10900
전주,전라북도,전주시 덕진구,35.84985312,127.1618034,동탄,경기도,화성시 동탄구,37.19994276,127.0957376,25700,37300
전주,전라북도,전주시 덕진구,35.84985312,127.1618034,수서,서울특별시,강남구,37.48549613,127.1043706,30300,43900
전주,전라북도,전주시 덕진구,35.84985312,127.1618034,순천,전라남도,순천시,34.9458018,127.5030853,11800,17100
전주,전라북도,전주시 덕진구,35.84985312,127.1618034,여수EXPO,전라남도,여수시,34.75338071,127.7487232,15300,22200
전주,전라북도,전주시 덕진구,35.84985312,127.1618034,여천,전라남도,여수시,34.77913289,127.6641677,14300,20700
전주,전라북도,전주시 덕진구,35.84985312,127.1618034,오송,충청북도,청주시 흥덕구,36.62008671,127.3276033,15100,21900
전주,전라북도,전주시 덕진구,35.84985312,127.1618034,익산,전라북도,익산시,35.94053258,126.9457173,7500,10900
전주,전라북도,전주시 덕진구,35.84985312,127.1618034,천안아산,충청남도,아산시,36.7943447,127.1044438,19200,27800
전주,전라북도,전주시 덕진구,35.84985312,127.1618034,평택지제,경기도,평택시,37.01878181,127.0698327,22800,33100
정읍,전라북도,정읍시,35.57550653,126.8422496,공주,충청남도,공주시,36.3324865,127.0968327,12400,18000
정읍,전라북도,정읍시,35.57550653,126.8422496,광주송정,광주광역시,광산구,35.13766751,126.790805,7500,10900
정읍,전라북도,정읍시,35.57550653,126.8422496,나주,전라남도,나주시,35.01407834,126.7171749,8400,12200
정읍,전라북도,정읍시,35.57550653,126.8422496,동탄,경기도,화성시 동탄구,37.19994276,127.0957376,29300,42500
정읍,전라북도,정읍시,35.57550653,126.8422496,목포,전라남도,목포시,34.79113446,126.3865755,13000,18900
정읍,전라북도,정읍시,35.57550653,126.8422496,수서,서울특별시,강남구,37.48549613,127.1043706,33900,49200
정읍,전라북도,정읍시,35.57550653,126.8422496,오송,충청북도,청주시 흥덕구,36.62008671,127.3276033,18700,27100
정읍,전라북도,정읍시,35.57550653,126.8422496,익산,전라북도,익산시,35.94053258,126.9457173,7500,10900
정읍,전라북도,정읍시,35.57550653,126.8422496,천안아산,충청남도,아산시,36.7943447,127.1044438,22800,33100
정읍,전라북도,정읍시,35.57550653,126.8422496,평택지제,경기도,평택시,37.01878181,127.0698327,26400,38300
진영,경상남도,김해시,35.29857664,128.7739275,김천구미,경상북도,김천시,36.11282841,128.1820556,14500,21000
진영,경상남도,김해시,35.29857664,128.7739275,대전,대전광역시,동구,36.33229415,127.4346445,24900,36100
진영,경상남도,김해시,35.29857664,128.7739275,동대구,대구광역시,동구,35.87932399,128.6283938,7900,11500
진영,경상남도,김해시,35.29857664,128.7739275,동탄,경기도,화성시 동탄구,37.19994276,127.0957376,39900,57900
진영,경상남도,김해시,35.29857664,128.7739275,마산,경상남도,창원시 마산회원구,35.23614083,128.5770291,7500,10900
진영,경상남도,김해시,35.29857664,128.7739275,밀양,경상남도,밀양시,35.47452401,128.7711928,7500,10900
진영,경상남도,김해시,35.29857664,128.7739275,수서,서울특별시,강남구,37.48549613,127.1043706,44400,64400
진영,경상남도,김해시,35.29857664,128.7739275,오송,충청북도,청주시 흥덕구,36.62008671,127.3276033,29400,42600
진영,경상남도,김해시,35.29857664,128.7739275,진주,경상남도,진주시,35.15071327,128.1179168,7500,10900
진영,경상남도,김해시,35.29857664,128.7739275,창원,경상남도,창원시 의창구,35.25745394,128.6066268,7500,10900
진영,경상남도,김해시,35.29857664,128.7739275,창원중앙,경상남도,창원시 의창구,35.24235021,128.7013074,7500,10900
진영,경상남도,김해시,35.29857664,128.7739275,천안아산,충청남도,아산시,36.7943447,127.1044438,33500,48600
진영,경상남도,김해시,35.29857664,128.7739275,평택지제,경기도,평택시,37.01878181,127.0698327,37100,53800
진주,경상남도,진주시,35.15071327,128.1179168,김천구미,경상북도,김천시,36.11282841,128.1820556,21400,31000
진주,경상남도,진주시,35.15071327,128.1179168,대전,대전광역시,동구,36.33229415,127.4346445,31800,46100
진주,경상남도,진주시,35.15071327,128.1179168,동대구,대구광역시,동구,35.87932399,128.6283938,15500,22500
진주,경상남도,진주시,35.15071327,128.1179168,동탄,경기도,화성시 동탄구,37.19994276,127.0957376,46700,67700
진주,경상남도,진주시,35.15071327,128.1179168,마산,경상남도,창원시 마산회원구,35.23614083,128.5770291,7500,10900
진주,경상남도,진주시,35.15071327,128.1179168,밀양,경상남도,밀양시,35.47452401,128.7711928,10100,14600
진주,경상남도,진주시,35.15071327,128.1179168,수서,서울특별시,강남구,37.48549613,127.1043706,51100,74100
진주,경상남도,진주시,35.15071327,128.1179168,오송,충청북도,청주시 흥덕구,36.62008671,127.3276033,36300,52600
진주,경상남도,진주시,35.15071327,128.1179168,진영,경상남도,김해시,35.29857664,128.7739275,7500,10900
진주,경상남도,진주시,35.15071327,128.1179168,창원,경상남도,창원시 의창구,35.25745394,128.6066268,7500,10900
진주,경상남도,진주시,35.15071327,128.1179168,창원중앙,경상남도,창원시 의창구,35.24235021,128.7013074,7500,10900
진주,경상남도,진주시,35.15071327,128.1179168,천안아산,충청남도,아산시,36.7943447,127.1044438,40300,58400
진주,경상남도,진주시,35.15071327,128.1179168,평택지제,경기도,평택시,37.01878181,127.0698327,43800,63500
창원,경상남도,창원시 의창구,35.25745394,128.6066268,김천구미,경상북도,김천시,36.11282841,128.1820556,16700,24200
창원,경상남도,창원시 의창구,35.25745394,128.6066268,대전,대전광역시,동구,36.33229415,127.4346445,26900,39000
창원,경상남도,창원시 의창구,35.25745394,128.6066268,동대구,대구광역시,동구,35.87932399,128.6283938,10300,14900
창원,경상남도,창원시 의창구,35.25745394,128.6066268,동탄,경기도,화성시 동탄구,37.19994276,127.0957376,42000,60900
창원,경상남도,창원시 의창구,35.25745394,128.6066268,마산,경상남도,창원시 마산회원구,35.23614083,128.5770291,7500,10900
창원,경상남도,창원시 의창구,35.25745394,128.6066268,밀양,경상남도,밀양시,35.47452401,128.7711928,7500,10900
창원,경상남도,창원시 의창구,35.25745394,128.6066268,수서,서울특별시,강남구,37.48549613,127.1043706,46500,67400
창원,경상남도,창원시 의창구,35.25745394,128.6066268,오송,충청북도,청주시 흥덕구,36.62008671,127.3276033,31600,45800
창원,경상남도,창원시 의창구,35.25745394,128.6066268,진영,경상남도,김해시,35.29857664,128.7739275,7500,10900
창원,경상남도,창원시 의창구,35.25745394,128.6066268,진주,경상남도,진주시,35.15071327,128.1179168,7500,10900
창원,경상남도,창원시 의창구,35.25745394,128.6066268,창원중앙,경상남도,창원시 의창구,35.24235021,128.7013074,7500,10900
창원,경상남도,창원시 의창구,35.25745394,128.6066268,천안아산,충청남도,아산시,36.7943447,127.1044438,35700,51800
창원,경상남도,창원시 의창구,35.25745394,128.6066268,평택지제,경기도,평택시,37.01878181,127.0698327,39100,56700
창원중앙,경상남도,창원시 의창구,35.24235021,128.7013074,김천구미,경상북도,김천시,36.11282841,128.1820556,15800,22900
창원중앙,경상남도,창원시 의창구,35.24235021,128.7013074,대전,대전광역시,동구,36.33229415,127.4346445,26000,37700
창원중앙,경상남도,창원시 의창구,35.24235021,128.7013074,동대구,대구광역시,동구,35.87932399,128.6283938,9300,13500
창원중앙,경상남도,창원시 의창구,35.24235021,128.7013074,동탄,경기도,화성시 동탄구,37.19994276,127.0957376,41200,59700
창원중앙,경상남도,창원시 의창구,35.24235021,128.7013074,마산,경상남도,창원시 마산회원구,35.23614083,128.5770291,7500,10900
창원중앙,경상남도,창원시 의창구,35.24235021,128.7013074,밀양,경상남도,밀양시,35.47452401,128.7711928,7500,10900
창원중앙,경상남도,창원시 의창구,35.24235021,128.7013074,수서,서울특별시,강남구,37.48549613,127.1043706,45600,66100
창원중앙,경상남도,창원시 의창구,35.24235021,128.7013074,오송,충청북도,청주시 흥덕구,36.62008671,127.3276033,30700,44500
창원중앙,경상남도,창원시 의창구,35.24235021,128.7013074,진영,경상남도,김해시,35.29857664,128.7739275,7500,10900
창원중앙,경상남도,창원시 의창구,35.24235021,128.7013074,진주,경상남도,진주시,35.15071327,128.1179168,7500,10900
창원중앙,경상남도,창원시 의창구,35.24235021,128.7013074,창원,경상남도,창원시 의창구,35.25745394,128.6066268,7500,10900
창원중앙,경상남도,창원시 의창구,35.24235021,128.7013074,천안아산,충청남도,아산시,36.7943447,127.1044438,34700,50300
창원중앙,경상남도,창원시 의창구,35.24235021,128.7013074,평택지제,경기도,평택시,37.01878181,127.0698327,38200,55400
천안아산,충청남도,아산시,36.7943447,127.1044438,경산,경상북도,경산시,35.8193643,128.7276182,27500,39900
천안아산,충청남도,아산시,36.7943447,127.1044438,경주,경상북도,경주시,35.79837725,129.1389994,31667,45900
천안아산,충청남도,아산시,36.7943447,127.1044438,곡성,전라남도,곡성군,35.2836103,127.3036839,25600,37100
천안아산,충청남도,아산시,36.7943447,127.1044438,공주,충청남도,공주시,36.3324865,127.0968327,10400,15100
천안아산,충청남도,아산시,36.7943447,127.1044438,광명,경기도,광명시,37.41619623,126.8846812,10600,15400
천안아산,충청남도,아산시,36.7943447,127.1044438,광주송정,광주광역시,광산구,35.13766751,126.790805,29800,43200
천안아산,충청남도,아산시,36.7943447,127.1044438,구례구,전라남도,순천시,35.1634297,127.4525786,27400,39700
천안아산,충청남도,아산시,36.7943447,127.1044438,구포,부산광역시,북구,35.20548095,128.997114,35100,50900
천안아산,충청남도,아산시,36.7943447,127.1044438,김천구미,경상북도,김천시,36.11282841,128.1820556,19200,27800
천안아산,충청남도,아산시,36.7943447,127.1044438,나주,전라남도,나주시,35.01407834,126.7171749,31100,45100
천안아산,충청남도,아산시,36.7943447,127.1044438,남원,전라북도,남원시,35.41123171,127.36139,24100,34900
천안아산,충청남도,아산시,36.7943447,127.1044438,대전,대전광역시,동구,36.33229415,127.4346445,8800,12800
천안아산,충청남도,아산시,36.7943447,127.1044438,동대구,대구광역시,동구,35.87932399,128.6283938,26233,38017
천안아산,충청남도,아산시,36.7943447,127.1044438,동탄,경기도,화성시 동탄구,37.19994276,127.0957376,7500,10900
천안아산,충청남도,아산시,36.7943447,127.1044438,마산,경상남도,창원시 마산회원구,35.23614083,128.5770291,36000,52200
천안아산,충청남도,아산시,36.7943447,127.1044438,목포,전라남도,목포시,34.79113446,126.3865755,35600,51600
천안아산,충청남도,아산시,36.7943447,127.1044438,물금,경상남도,양산시,35.30715588,128.9853192,34000,49300
천안아산,충청남도,아산시,36.7943447,127.1044438,밀양,경상남도,밀양시,35.47452401,128.7711928,31300,45400
천안아산,충청남도,아산시,36.7943447,127.1044438,부산,부산광역시,동구,35.11520341,129.0415499,40250,58350
천안아산,충청남도,아산시,36.7943447,127.1044438,서대구,대구광역시,서구,35.88134695,128.540007,25200,36500
천안아산,충청남도,아산시,36.7943447,127.1044438,서울,서울특별시,용산구,37.55406889,126.9707034,12800,18600
천안아산,충청남도,아산시,36.7943447,127.1044438,수서,서울특별시,강남구,37.48549613,127.1043706,11300,16400
천안아산,충청남도,아산시,36.7943447,127.1044438,순천,전라남도,순천시,34.9458018,127.5030853,29900,43400
천안아산,충청남도,아산시,36.7943447,127.1044438,여수EXPO,전라남도,여수시,34.75338071,127.7487232,32900,47700
천안아산,충청남도,아산시,36.7943447,127.1044438,여천,전라남도,여수시,34.77913289,127.6641677,32200,46700
천안아산,충청남도,아산시,36.7943447,127.1044438,오송,충청북도,청주시 흥덕구,36.62008671,127.3276033,7500,10900
천안아산,충청남도,아산시,36.7943447,127.1044438,울산,울산광역시,울주군,35.55142714,129.1385985,35600,51633
천안아산,충청남도,아산시,36.7943447,127.1044438,익산,전라북도,익산시,35.94053258,126.9457173,16900,24500
천안아산,충청남도,아산시,36.7943447,127.1044438,전주,전라북도,전주시 덕진구,35.84985312,127.1618034,19200,27800
천안아산,충청남도,아산시,36.7943447,127.1044438,정읍,전라북도,정읍시,35.57550653,126.8422496,22800,33100
천안아산,충청남도,아산시,36.7943447,127.1044438,진영,경상남도,김해시,35.29857664,128.7739275,33500,48600
천안아산,충청남도,아산시,36.7943447,127.1044438,진주,경상남도,진주시,35.15071327,128.1179168,40300,58400
천안아산,충청남도,아산시,36.7943447,127.1044438,창원,경상남도,창원시 의창구,35.25745394,128.6066268,35700,51800
천안아산,충청남도,아산시,36.7943447,127.1044438,창원중앙,경상남도,창원시 의창구,35.24235021,128.7013074,34700,50300
천안아산,충청남도,아산시,36.7943447,127.1044438,평택지제,경기도,평택시,37.01878181,127.0698327,7500,10900
천안아산,충청남도,아산시,36.7943447,127.1044438,포항,경상북도,포항시 북구,36.07160518,129.3419282,36200,52500
평택지제,경기도,평택시,37.01878181,127.0698327,경주,경상북도,경주시,35.79837725,129.1389994,35100,50900
평택지제,경기도,평택시,37.01878181,127.0698327,곡성,전라남도,곡성군,35.2836103,127.3036839,29100,42200
평택지제,경기도,평택시,37.01878181,127.0698327,공주,충청남도,공주시,36.3324865,127.0968327,14000,20300
평택지제,경기도,평택시,37.01878181,127.0698327,광주송정,광주광역시,광산구,35.13766751,126.790805,33300,48300
평택지제,경기도,평택시,37.01878181,127.0698327,구례구,전라남도,순천시,35.1634297,127.4525786,31000,45000
평택지제,경기도,평택시,37.01878181,127.0698327,김천구미,경상북도,김천시,36.11282841,128.1820556,22800,33100
평택지제,경기도,평택시,37.01878181,127.0698327,나주,전라남도,나주시,35.01407834,126.7171749,34700,50300
평택지제,경기도,평택시,37.01878181,127.0698327,남원,전라북도,남원시,35.41123171,127.36139,27600,40000
평택지제,경기도,평택시,37.01878181,127.0698327,대전,대전광역시,동구,36.33229415,127.4346445,12400,18000
평택지제,경기도,평택시,37.01878181,127.0698327,동대구,대구광역시,동구,35.87932399,128.6283938,29725,43100
평택지제,경기도,평택시,37.01878181,127.0698327,동탄,경기도,화성시 동탄구,37.19994276,127.0957376,7500,10900
평택지제,경기도,평택시,37.01878181,127.0698327,마산,경상남도,창원시 마산회원구,35.23614083,128.5770291,39400,57100
평택지제,경기도,평택시,37.01878181,127.0698327,목포,전라남도,목포시,34.79113446,126.3865755,39100,56700
평택지제,경기도,평택시,37.01878181,127.0698327,밀양,경상남도,밀양시,35.47452401,128.7711928,34800,50500
평택지제,경기도,평택시,37.01878181,127.0698327,부산,부산광역시,동구,35.11520341,129.0415499,44900,65100
평택지제,경기도,평택시,37.01878181,127.0698327,서대구,대구광역시,서구,35.88134695,128.540007,28800,41800
평택지제,경기도,평택시,37.01878181,127.0698327,수서,서울특별시,강남구,37.48549613,127.1043706,7700,11200
평택지제,경기도,평택시,37.01878181,127.0698327,순천,전라남도,순천시,34.9458018,127.5030853,33500,48600
평택지제,경기도,평택시,37.01878181,127.0698327,여수EXPO,전라남도,여수시,34.75338071,127.7487232,36500,52900
평택지제,경기도,평택시,37.01878181,127.0698327,여천,전라남도,여수시,34.77913289,127.6641677,35700,51800
평택지제,경기도,평택시,37.01878181,127.0698327,오송,충청북도,청주시 흥덕구,36.62008671,127.3276033,7700,11200
평택지제,경기도,평택시,37.01878181,127.0698327,울산,울산광역시,울주군,35.55142714,129.1385985,39000,56550
평택지제,경기도,평택시,37.01878181,127.0698327,익산,전라북도,익산시,35.94053258,126.9457173,20400,29600
평택지제,경기도,평택시,37.01878181,127.0698327,전주,전라북도,전주시 덕진구,35.84985312,127.1618034,22800,33100
평택지제,경기도,평택시,37.01878181,127.0698327,정읍,전라북도,정읍시,35.57550653,126.8422496,26400,38300
평택지제,경기도,평택시,37.01878181,127.0698327,진영,경상남도,김해시,35.29857664,128.7739275,37100,53800
평택지제,경기도,평택시,37.01878181,127.0698327,진주,경상남도,진주시,35.15071327,128.1179168,43800,63500
평택지제,경기도,평택시,37.01878181,127.0698327,창원,경상남도,창원시 의창구,35.25745394,128.6066268,39100,56700
평택지제,경기도,평택시,37.01878181,127.0698327,창원중앙,경상남도,창원시 의창구,35.24235021,128.7013074,38200,55400
평택지제,경기도,평택시,37.01878181,127.0698327,천안아산,충청남도,아산시,36.7943447,127.1044438,7500,10900
평택지제,경기도,평택시,37.01878181,127.0698327,포항,경상북도,포항시 북구,36.07160518,129.3419282,39700,57600
포항,경상북도,포항시 북구,36.07160518,129.3419282,김천구미,경상북도,김천시,36.11282841,128.1820556,17300,25100
포항,경상북도,포항시 북구,36.07160518,129.3419282,대전,대전광역시,동구,36.33229415,127.4346445,27600,40000
포항,경상북도,포항시 북구,36.07160518,129.3419282,동대구,대구광역시,동구,35.87932399,128.6283938,10100,14600
포항,경상북도,포항시 북구,36.07160518,129.3419282,동탄,경기도,화성시 동탄구,37.19994276,127.0957376,42600,61800
포항,경상북도,포항시 북구,36.07160518,129.3419282,수서,서울특별시,강남구,37.48549613,127.1043706,47200,68400
포항,경상북도,포항시 북구,36.07160518,129.3419282,오송,충청북도,청주시 흥덕구,36.62008671,127.3276033,32200,46700
포항,경상북도,포항시 북구,36.07160518,129.3419282,천안아산,충청남도,아산시,36.7943447,127.1044438,36200,52500
포항,경상북도,포항시 북구,36.07160518,129.3419282,평택지제,경기도,평택시,37.01878181,127.0698327,39700,57600
